iso2	iso3	fips	name	capital	lat	lon
AD	AND	AN	Andorra	Andorra la Vella	42.50779	1.52109
AE	ARE	AE	United Arab Emirates	Abu Dhabi	24.45118	54.39696
AF	AFG	AF	Afghanistan	Kabul	34.52813	69.17233
AG	ATG	AC	Antigua and Barbuda	St. John's	17.12096	-61.84329
AI	AIA	AV	Anguilla	The Valley	18.21704	-63.05783
AL	ALB	AL	Albania	Tirana	41.32744	19.81866
AM	ARM	AM	Armenia	Yerevan	40.17765	44.5126
AO	AGO	AO	Angola	Luanda	-8.83682	13.23432
AQ	ATA	AY	Antarctica			
AR	ARG	AR	Argentina	Buenos Aires	-34.61315	-58.37723
AS	ASM	AQ	American Samoa	Pago Pago	-14.27806	-170.7025
AT	AUT	AU	Austria	Vienna	48.20849	16.37208
AU	AUS	AS	Australia	Canberra	-35.28346	149.12807
AW	ABW	AA	Aruba	Oranjestad	12.52398	-70.02703
AX	ALA		Aland Islands	Mariehamn	60.09726	19.93481
AZ	AZE	AJ	Azerbaijan	Baku	40.37767	49.89201
BA	BIH	BK	Bosnia and Herzegovina	Sarajevo	43.84864	18.35644
BB	BRB	BB	Barbados	Bridgetown	13.10732	-59.62021
BD	BGD	BG	Bangladesh	Dhaka	23.7104	90.40744
BE	BEL	BE	Belgium	Brussels	50.85045	4.34878
BF	BFA	UV	Burkina Faso	Ouagadougou	12.36566	-1.53388
BG	BGR	BU	Bulgaria	Sofia	42.69751	23.32415
BH	BHR	BA	Bahrain	Manama	26.22787	50.58565
BI	BDI	BY	Burundi	Gitega	-3.42708	29.92463
BJ	BEN	BN	Benin	Porto-Novo	6.49646	2.60359
BL	BLM	TB	Saint Barthelemy	Gustavia	17.89618	-62.84978
BM	BMU	BD	Bermuda	Hamilton	32.2949	-64.78303
BN	BRN	BX	Brunei	Bandar Seri Begawan	4.89035	114.94006
BO	BOL	BL	Bolivia	Sucre	-19.03332	-65.26274
BQ	BES		Bonaire, Saint Eustatius and Saba 		12.15	-68.26667
BR	BRA	BR	Brazil	Brasilia	-15.77972	-47.92972
BS	BHS	BF	Bahamas	Nassau	25.05823	-77.34306
BT	BTN	BT	Bhutan	Thimphu	27.46609	89.64191
BV	BVT	BV	Bouvet Island			
BW	BWA	BC	Botswana	Gaborone	-24.65451	25.90859
BY	BLR	BO	Belarus	Minsk	53.90019	27.56653
BZ	BLZ	BH	Belize	Belmopan	17.25376	-88.76401
CA	CAN	CA	Canada	Ottawa	45.41117	-75.69812
CC	CCK	CK	Cocos Islands	West Island	-12.15681	96.82251
CD	COD	CG	Democratic Republic of the Congo	Kinshasa	-4.32758	15.31357
CF	CAF	CT	Central African Republic	Bangui	4.36122	18.55496
CG	COG	CF	Republic of the Congo	Brazzaville	-4.26613	15.28318
CH	CHE	SZ	Switzerland	Bern	46.94809	7.44744
CI	CIV	IV	Ivory Coast	Yamoussoukro	6.82055	-5.27674
CK	COK	CW	Cook Islands	Avarua	-21.2075	-159.77546
CL	CHL	CI	Chile	Santiago	-33.45694	-70.64827
CM	CMR	CM	Cameroon	Yaounde	3.86667	11.51667
CN	CHN	CH	China	Beijing	39.9075	116.39723
CO	COL	CO	Colombia	Bogota	4.60971	-74.08175
CR	CRI	CS	Costa Rica	San Jose	9.93388	-84.08489
CU	CUB	CU	Cuba	Havana	23.13302	-82.38304
CV	CPV	CV	Cabo Verde	Praia	14.93152	-23.51254
CW	CUW	UC	Curacao	 Willemstad	12.12246	-68.88641
CX	CXR	KT	Christmas Island	Flying Fish Cove	-10.42172	105.67912
CY	CYP	CY	Cyprus	Nicosia	35.17284	33.35397
CZ	CZE	EZ	Czechia	Prague	50.08804	14.42076
DE	DEU	GM	Germany	Berlin	52.52437	13.41053
DJ	DJI	DJ	Djibouti	Djibouti	11.58901	43.14503
DK	DNK	DA	Denmark	Copenhagen	55.67594	12.56553
DM	DMA	DO	Dominica	Roseau	15.30174	-61.38808
DO	DOM	DR	Dominican Republic	Santo Domingo	18.47186	-69.89232
DZ	DZA	AG	Algeria	Algiers	36.73225	3.08746
EC	ECU	EC	Ecuador	Quito	-0.22985	-78.52495
EE	EST	EN	Estonia	Tallinn	59.43696	24.75353
EG	EGY	EG	Egypt	Cairo	30.06263	31.24967
EH	ESH	WI	Western Sahara	El-Aaiun		
ER	ERI	ER	Eritrea	Asmara	15.33805	38.93184
ES	ESP	SP	Spain	Madrid	40.4165	-3.70256
ET	ETH	ET	Ethiopia	Addis Ababa	9.02497	38.74689
FI	FIN	FI	Finland	Helsinki	60.16952	24.93545
FJ	FJI	FJ	Fiji	Suva	-18.13683	178.42531
FK	FLK	FK	Falkland Islands	Stanley	-51.69382	-57.85701
FM	FSM	FM	Micronesia	Palikir	6.92477	158.16109
FO	FRO	FO	Faroe Islands	Torshavn	62.00973	-6.77164
FR	FRA	FR	France	Paris	48.85341	2.3488
GA	GAB	GB	Gabon	Libreville	0.39241	9.45356
GB	GBR	UK	United Kingdom	London	51.50853	-0.12574
GD	GRD	GJ	Grenada	St. George's	12.05288	-61.75226
GE	GEO	GG	Georgia	Tbilisi	41.69143	44.83412
GF	GUF	FG	French Guiana	Cayenne	4.9381	-52.33455
GG	GGY	GK	Guernsey	St Peter Port	49.45981	-2.53527
GH	GHA	GH	Ghana	Accra	5.55602	-0.1969
GI	GIB	GI	Gibraltar	Gibraltar	36.14474	-5.35257
GL	GRL	GL	Greenland	Nuuk	64.18347	-51.72157
GM	GMB	GA	Gambia	Banjul	13.45274	-16.57803
GN	GIN	GV	Guinea	Conakry	9.53795	-13.67729
GP	GLP	GP	Guadeloupe	Basse-Terre	15.99714	-61.73214
GQ	GNQ	EK	Equatorial Guinea	Ciudad de la Paz	1.5925	10.82361
GR	GRC	GR	Greece	Athens	37.98376	23.72784
GS	SGS	SX	South Georgia and the South Sandwich Islands	Grytviken	-54.28111	-36.5092
GT	GTM	GT	Guatemala	Guatemala City	14.64072	-90.51327
GU	GUM	GQ	Guam	Hagatna	13.47567	144.74886
GW	GNB	PU	Guinea-Bissau	Bissau	11.86357	-15.59767
GY	GUY	GY	Guyana	Georgetown	6.80448	-58.15527
HK	HKG	HK	Hong Kong	Hong Kong	22.27832	114.17469
HM	HMD	HM	Heard Island and McDonald Islands			
HN	HND	HO	Honduras	Tegucigalpa	14.0818	-87.20681
HR	HRV	HR	Croatia	Zagreb	45.81444	15.97798
HT	HTI	HA	Haiti	Port-au-Prince	18.54349	-72.33881
HU	HUN	HU	Hungary	Budapest	47.49835	19.04045
ID	IDN	ID	Indonesia	Jakarta	-6.21462	106.84513
IE	IRL	EI	Ireland	Dublin	53.33306	-6.24889
IL	ISR	IS	Israel	Jerusalem		
IM	IMN	IM	Isle of Man	Douglas	54.15	-4.48333
IN	IND	IN	India	New Delhi	28.62137	77.2148
IO	IOT	IO	British Indian Ocean Territory	Diego Garcia		
IQ	IRQ	IZ	Iraq	Baghdad	33.34058	44.40088
IR	IRN	IR	Iran	Tehran	35.69439	51.42151
IS	ISL	IC	Iceland	Reykjavik	64.13548	-21.89541
IT	ITA	IT	Italy	Rome	41.89193	12.51133
JE	JEY	JE	Jersey	Saint Helier	49.18804	-2.10491
JM	JAM	JM	Jamaica	Kingston	17.99702	-76.79358
JO	JOR	JO	Jordan	Amman	31.95522	35.94503
JP	JPN	JA	Japan	Tokyo	35.6895	139.69171
KE	KEN	KE	Kenya	Nairobi	-1.28333	36.81667
KG	KGZ	KG	Kyrgyzstan	Bishkek	42.87	74.59
KH	KHM	CB	Cambodia	Phnom Penh	11.56245	104.91601
KI	KIR	KR	Kiribati	Tarawa	1.3278	172.97696
KM	COM	CN	Comoros	Moroni	-11.70216	43.25506
KN	KNA	SC	Saint Kitts and Nevis	Basseterre	17.2955	-62.72499
KP	PRK	KN	North Korea	Pyongyang	39.03385	125.75432
KR	KOR	KS	South Korea	Seoul	37.566	126.9784
XK	XKX	KV	Kosovo	Pristina	42.67272	21.16688
KW	KWT	KU	Kuwait	Kuwait City	29.367	47.97429
KY	CYM	CJ	Cayman Islands	George Town	19.2866	-81.37436
KZ	KAZ	KZ	Kazakhstan	Nur-Sultan	51.1801	71.44598
LA	LAO	LA	Laos	Vientiane	17.96667	102.6
LB	LBN	LE	Lebanon	Beirut	33.89332	35.50157
LC	LCA	ST	Saint Lucia	Castries	13.9957	-61.00614
LI	LIE	LS	Liechtenstein	Vaduz	47.14151	9.52154
LK	LKA	CE	Sri Lanka	Colombo	6.93548	79.84868
LR	LBR	LI	Liberia	Monrovia	6.30054	-10.7969
LS	LSO	LT	Lesotho	Maseru	-29.31667	27.48333
LT	LTU	LH	Lithuania	Vilnius	54.68916	25.2798
LU	LUX	LU	Luxembourg	Luxembourg	49.60982	6.13268
LV	LVA	LG	Latvia	Riga	56.946	24.10589
LY	LBY	LY	Libya	Tripoli	32.88743	13.18733
MA	MAR	MO	Morocco	Rabat	34.01325	-6.83255
MC	MCO	MN	Monaco	Monaco	43.73718	7.42145
MD	MDA	MD	Moldova	Chisinau	47.00902	28.85938
ME	MNE	MJ	Montenegro	Podgorica	42.44124	19.26309
MF	MAF	RN	Saint Martin	Marigot	18.06819	-63.08302
MG	MDG	MA	Madagascar	Antananarivo	-18.91368	47.53613
MH	MHL	RM	Marshall Islands	Majuro	7.08971	171.38027
MK	MKD	MK	North Macedonia	Skopje	41.99646	21.43141
ML	MLI	ML	Mali	Bamako	12.60915	-7.97522
MM	MMR	BM	Myanmar	Nay Pyi Taw	19.745	96.12972
MN	MNG	MG	Mongolia	Ulaanbaatar	47.90771	106.88324
MO	MAC	MC	Macao	Macao	22.20056	113.54611
MP	MNP	CQ	Northern Mariana Islands	Saipan	15.21233	145.7545
MQ	MTQ	MB	Martinique	Fort-de-France	14.60365	-61.07418
MR	MRT	MR	Mauritania	Nouakchott	18.08581	-15.9785
MS	MSR	MH	Montserrat	Plymouth	16.70555	-62.21292
MT	MLT	MT	Malta	Valletta	35.89968	14.5148
MU	MUS	MP	Mauritius	Port Louis	-20.16194	57.49889
MV	MDV	MV	Maldives	Male	4.17521	73.50916
MW	MWI	MI	Malawi	Lilongwe	-13.96692	33.78725
MX	MEX	MX	Mexico	Mexico City	19.42847	-99.12766
MY	MYS	MY	Malaysia	Kuala Lumpur	3.1412	101.68653
MZ	MOZ	MZ	Mozambique	Maputo	-25.96553	32.58322
NA	NAM	WA	Namibia	Windhoek	-22.55941	17.08323
NC	NCL	NC	New Caledonia	Noumea	-22.27407	166.44884
NE	NER	NG	Niger	Niamey	13.51366	2.1098
NF	NFK	NF	Norfolk Island	Kingston	-29.05459	167.96628
NG	NGA	NI	Nigeria	Abuja	9.05785	7.49508
NI	NIC	NU	Nicaragua	Managua	12.13282	-86.2504
NL	NLD	NL	The Netherlands	Amsterdam	52.37403	4.88969
NO	NOR	NO	Norway	Oslo	59.91273	10.74609
NP	NPL	NP	Nepal	Kathmandu	27.70169	85.3206
NR	NRU	NR	Nauru	Yaren	-0.55085	166.9252
NU	NIU	NE	Niue	Alofi	-19.05294	-169.91957
NZ	NZL	NZ	New Zealand	Wellington	-41.28664	174.77557
OM	OMN	MU	Oman	Muscat	23.58413	58.40778
PA	PAN	PM	Panama	Panama City	8.9936	-79.51973
PE	PER	PE	Peru	Lima	-12.04318	-77.02824
PF	PYF	FP	French Polynesia	Papeete	-17.5347	-149.56843
PG	PNG	PP	Papua New Guinea	Port Moresby	-9.47723	147.15089
PH	PHL	RP	Philippines	Manila	14.6042	120.9822
PK	PAK	PK	Pakistan	Islamabad	33.72148	73.04329
PL	POL	PL	Poland	Warsaw	52.22977	21.01178
PM	SPM	SB	Saint Pierre and Miquelon	Saint-Pierre	46.77914	-56.1773
PN	PCN	PC	Pitcairn	Adamstown	-25.06597	-130.10147
PR	PRI	RQ	Puerto Rico	San Juan	18.46633	-66.10572
PS	PSE	WE	Palestinian Territory	East Jerusalem		
PT	PRT	PO	Portugal	Lisbon	38.72509	-9.1498
PW	PLW	PS	Palau	Melekeok	7.50077	134.6238
PY	PRY	PA	Paraguay	Asuncion	-25.28646	-57.647
QA	QAT	QA	Qatar	Doha	25.28545	51.53096
RE	REU	RE	Reunion	Saint-Denis	-20.88231	55.4504
RO	ROU	RO	Romania	Bucharest	44.43225	26.10626
RS	SRB	RI	Serbia	Belgrade	44.80401	20.46513
RU	RUS	RS	Russia	Moscow	55.75204	37.61781
RW	RWA	RW	Rwanda	Kigali	-1.94995	30.05885
SA	SAU	SA	Saudi Arabia	Riyadh	24.68773	46.72185
SB	SLB	BP	Solomon Islands	Honiara	-9.43333	159.95
SC	SYC	SE	Seychelles	Victoria	-4.62001	55.45501
SD	SDN	SU	Sudan	Khartoum	15.55177	32.53241
SS	SSD	OD	South Sudan	Juba	4.85165	31.58247
SE	SWE	SW	Sweden	Stockholm	59.32938	18.06871
SG	SGP	SN	Singapore	Singapore	1.28967	103.85007
SH	SHN	SH	Saint Helena	Jamestown	-15.92488	-5.71816
SI	SVN	SI	Slovenia	Ljubljana	46.05108	14.50513
SJ	SJM	SV	Svalbard and Jan Mayen	Longyearbyen	78.22334	15.64689
SK	SVK	LO	Slovakia	Bratislava	48.14816	17.10674
SL	SLE	SL	Sierra Leone	Freetown	8.48714	-13.2356
SM	SMR	SM	San Marino	San Marino	43.93667	12.44639
SN	SEN	SG	Senegal	Dakar	14.6937	-17.44406
SO	SOM	SO	Somalia	Mogadishu	2.03711	45.34375
SR	SUR	NS	Suriname	Paramaribo	5.86638	-55.16682
ST	STP	TP	Sao Tome and Principe	Sao Tome	0.33756	6.7299
SV	SLV	ES	El Salvador	San Salvador	13.68935	-89.18718
SX	SXM	NN	Sint Maarten	Philipsburg	18.026	-63.04582
SY	SYR	SY	Syria	Damascus	33.5102	36.29128
SZ	SWZ	WZ	Eswatini	Mbabane	-26.31667	31.13333
TC	TCA	TK	Turks and Caicos Islands	Cockburn Town	21.46122	-71.14188
TD	TCD	CD	Chad	N'Djamena	12.10672	15.0444
TF	ATF	FS	French Southern Territories	Port-aux-Francais	-49.34916	70.21937
TG	TGO	TO	Togo	Lome	6.12874	1.22154
TH	THA	TH	Thailand	Bangkok	13.75398	100.50144
TJ	TJK	TI	Tajikistan	Dushanbe	38.53575	68.77905
TK	TKL	TL	Tokelau			
TL	TLS	TT	Timor Leste	Dili	-8.55861	125.57361
TM	TKM	TX	Turkmenistan	Ashgabat	37.95	58.38333
TN	TUN	TS	Tunisia	Tunis	36.81897	10.16579
TO	TON	TN	Tonga	Nuku'alofa	-21.13683	-175.20114
TR	TUR	TU	Turkey	Ankara	39.91987	32.85427
TT	TTO	TD	Trinidad and Tobago	Port of Spain	10.66668	-61.51889
TV	TUV	TV	Tuvalu	Funafuti	-8.52425	179.19417
TW	TWN	TW	Taiwan	Taipei	25.05306	121.52639
TZ	TZA	TZ	Tanzania	Dodoma	-6.17221	35.73947
UA	UKR	UP	Ukraine	Kyiv	50.45466	30.5238
UG	UGA	UG	Uganda	Kampala	0.31628	32.58219
UM	UMI		United States Minor Outlying Islands			
US	USA	US	United States	Washington	38.89511	-77.03637
UY	URY	UY	Uruguay	Montevideo	-34.90328	-56.18816
UZ	UZB	UZ	Uzbekistan	Tashkent	41.26465	69.21627
VA	VAT	VT	Vatican	Vatican City	41.90268	12.45414
VC	VCT	VC	Saint Vincent and the Grenadines	Kingstown	13.15527	-61.22742
VE	VEN	VE	Venezuela	Caracas	10.48801	-66.87919
VG	VGB	VI	British Virgin Islands	Road Town	18.42693	-64.62079
VI	VIR	VQ	U.S. Virgin Islands	Charlotte Amalie	18.3419	-64.9307
VN	VNM	VM	Vietnam	Hanoi	21.0245	105.84117
VU	VUT	NH	Vanuatu	Port Vila	-17.73648	168.31366
WF	WLF	WF	Wallis and Futuna	Mata Utu	-13.28163	-176.17453
WS	WSM	WS	Samoa	Apia	-13.83333	-171.76666
YE	YEM	YM	Yemen	Sanaa	15.35452	44.20646
YT	MYT	MF	Mayotte	Mamoudzou	-12.78234	45.22878
ZA	ZAF	SF	South Africa	Pretoria	-25.74486	28.18783
ZM	ZMB	ZA	Zambia	Lusaka	-15.40669	28.28713
ZW	ZWE	ZI	Zimbabwe	Harare	-17.82772	31.05337
CS	SCG	YI	Serbia and Montenegro	Belgrade		
AN	ANT	NT	Netherlands Antilles	Willemstad		
