iso2	lat	lon
ZW	-18.9969	29.8509
ZM	-13.4554	27.8088
YE	15.9437	47.5200
VN	16.5496	106.3489
VE	7.1167	-66.1756
VA	41.9021	12.4343
VU	-15.2259	166.8492
UZ	41.7770	63.2947
UY	-32.7913	-56.0252
FM	6.8864	158.2323
MH	7.1056	171.1879
MP	15.1812	145.7439
VI	17.7412	-64.7721
GU	13.4406	144.7670
AS	-14.3046	-170.7179
PR	18.2308	-66.4821
US	39.8865	-98.8205
GS	-54.3648	-36.6934
IO	-7.3312	72.4453
SH	-15.9589	-5.7168
PN	-24.3649	-128.3167
AI	18.2243	-63.0660
FK	-51.7445	-58.7578
KY	19.3208	-81.2856
BM	32.3131	-64.7558
VG	18.4225	-64.6219
TC	21.8115	-71.7405
MS	16.7404	-62.1856
JE	49.2181	-2.1272
GG	49.4678	-2.5726
IM	54.2240	-4.5388
GB	53.8259	-2.4117
AE	23.9023	54.2979
UA	49.1967	31.3154
UG	1.2741	32.3690
TM	39.1254	59.4481
TR	39.0625	35.4099
TN	34.0895	9.5511
TT	10.4209	-61.2930
TO	-21.1666	-175.2166
TG	8.5206	0.9642
TL	-8.8100	125.9240
TH	15.0993	101.0047
TZ	-6.2691	34.7870
TJ	38.5348	71.0275
TW	23.7474	120.9589
SY	35.0190	38.4878
CH	46.7989	8.2060
SE	62.4334	16.2470
SZ	-26.5578	31.4816
SR	4.1300	-55.9126
SS	7.3089	30.2513
SD	15.9681	29.9073
LK	7.6073	80.7036
ES	40.3719	-3.5732
KR	36.4510	127.8686
ZA	-28.9707	25.1918
SO	4.7397	45.6796
SB	-9.6247	160.1683
SK	48.7113	19.4692
SI	46.1161	14.8009
SG	1.3590	103.8170
SL	8.5711	-11.7850
SC	-4.6601	55.4760
RS	44.2114	20.8064
SN	14.3648	-14.4691
SA	24.0888	44.6654
ST	0.2382	6.6059
SM	43.9415	12.4594
WS	-13.6310	-172.4369
VC	13.2542	-61.1952
LC	13.8946	-60.9696
KN	17.3266	-62.7472
RW	-1.9903	29.9199
RU	65.8912	95.5330
RO	45.8486	24.9830
QA	25.3048	51.1844
PT	39.6515	-7.9849
PL	52.1119	19.4198
PH	15.9473	121.4204
PE	-9.1071	-74.4208
PY	-23.2089	-58.4433
PG	-6.6047	144.2346
PA	8.5272	-80.1117
PW	7.5138	134.5814
PK	29.8840	69.1684
OM	20.5571	56.0557
NO	63.7864	12.1587
KP	40.1403	127.1598
NG	9.5919	8.0798
NE	17.4119	9.3317
NI	12.8450	-85.0319
NZ	-43.9488	170.6110
NU	-19.0489	-169.8704
CK	-21.2195	-159.7871
NL	52.2767	5.6329
AW	12.5210	-69.9827
CW	12.1957	-68.9721
NP	28.2579	83.9473
NR	-0.5189	166.9326
NA	-22.0697	17.1952
MZ	-17.1956	35.6028
MA	29.7666	-8.7281
EH	24.2125	-12.2707
ME	42.7879	19.2387
MN	46.9562	103.1241
MD	47.1870	28.4661
MC	43.7526	7.4073
MX	23.9170	-102.1535
MU	-20.2779	57.5714
MR	20.2204	-10.3688
MT	35.8895	14.4437
ML	17.3151	-3.5905
MV	4.1970	73.5031
MY	3.6153	114.7171
MW	-13.2060	34.2819
MG	-19.3201	46.7411
MK	41.5953	21.6807
LU	49.7669	6.0722
LT	55.3235	23.9019
LI	47.1367	9.5357
LY	27.0168	18.0662
LR	6.4522	-9.3198
LS	-29.5791	28.2290
LB	33.9212	35.8780
LV	56.8596	24.9203
LA	18.4872	103.7752
KG	41.4744	74.5092
KW	29.3156	47.5633
KI	1.8536	-157.3743
KE	0.6001	37.7957
KZ	48.3620	67.2474
JO	31.2385	36.7575
JP	36.6337	137.8834
JM	18.1571	-77.3145
IT	43.4864	12.3002
IL	31.4516	34.9997
PS	31.9470	35.2475
IE	53.1609	-8.1426
IQ	33.0096	43.7737
IR	32.5322	54.4395
ID	-0.1911	114.0137
IN	22.8001	79.5336
IS	64.9979	-18.5801
HU	47.1659	19.3793
HN	14.8258	-86.6185
HT	18.9279	-72.6774
GY	4.7896	-58.9797
GW	12.0647	-14.9239
GN	10.4374	-10.9345
GT	15.6901	-90.3674
GD	12.1174	-61.6818
GR	39.4614	22.5658
GH	7.9476	-1.2170
DE	51.0322	10.3525
GE	42.1731	43.5242
GM	13.4510	-15.3959
GA	-0.5865	11.7885
FR	46.5723	2.4609
PM	46.9446	-56.3267
WF	-14.2862	-178.1303
MF	18.0888	-63.0599
BL	17.8988	-62.8410
PF	-17.6640	-149.4197
NC	-21.3249	165.4814
TF	-49.3042	69.4948
AX	60.2315	19.9439
FI	64.2614	26.2057
FJ	-17.8230	177.9730
ET	8.6144	39.6097
EE	58.6832	25.8375
ER	15.3587	38.8490
GQ	1.5651	10.4707
SV	13.7396	-88.8713
EG	26.4596	29.8779
EC	-1.4449	-78.3889
DO	18.8951	-70.5052
DM	15.4394	-61.3576
DJ	11.7488	42.5600
GL	73.0840	-41.8026
FO	62.1703	-6.8845
DK	56.2307	9.3480
CZ	49.7380	15.3195
CY	34.9172	33.0056
CU	21.6289	-78.9137
HR	45.1569	16.4188
CI	7.6262	-5.5696
CR	9.9764	-84.1901
CD	-2.8654	23.6378
CG	-0.8371	15.2212
KM	-11.6541	43.3390
CO	3.9035	-73.0766
CN	36.7568	103.3458
MO	22.2231	113.5090
HK	22.4392	114.1397
CL	-34.3607	-70.9497
TD	15.2754	18.6351
CF	6.5723	20.4617
CV	15.0829	-23.6374
CA	58.5918	-99.0044
CM	5.6814	12.7338
KH	12.7204	104.9061
MM	21.1499	96.4947
BI	-3.3593	29.8754
BF	12.2707	-1.7611
BG	42.7713	25.2089
BN	4.4907	114.5917
BR	-10.6932	-53.2366
BW	-22.1655	23.8085
BA	44.1714	17.7748
BO	-16.6820	-64.6984
BT	27.4123	90.4021
BJ	9.6358	2.3269
BZ	17.1935	-88.7189
BE	50.6388	4.6464
BY	53.5195	28.0155
BB	13.1811	-59.5602
BD	23.8914	90.2328
BH	26.0417	50.5425
BS	24.7010	-78.0376
AZ	40.3420	47.6707
AT	47.5923	14.1103
AU	-25.6322	134.2070
HM	-53.0872	73.5200
NF	-29.0516	167.9497
AU	-12.4300	123.5838
AM	40.2873	44.9375
AR	-34.5350	-64.7480
AG	17.0782	-61.7900
AO	-12.3097	17.5601
AD	42.5420	1.5606
DZ	28.0559	2.6311
AL	41.1349	20.0518
AF	33.8188	65.9259
AQ	-84.6793	83.0416
SX	18.0509	-63.0572
